run_id,family_id,name,n_members,primary_vs_A,primary_ci_low,primary_ci_high,primary_bh_q,objective_vs_A,objective_ci_low,objective_ci_high,objective_bh_q,primary_vs_B,primary_vs_D,objective_vs_B,objective_vs_D,consistency_vs_A
full-002,F1,Cinematic motivation,4,-0.03333333333333333,-0.08333333333333334,0.020833333333333332,0.3125,0.00830688333333333,-0.007519020833333334,0.02587797083333333,0.845672607421875,0.03333333333333334,0.11666666666666665,-0.012228833333333333,0.0005059499999999975,0.8333333333333334
full-002,F5,Challenge / competition,3,-0.07222222222222222,-0.15555555555555553,0.01111111111111111,0.20089285714285715,0.006757050000000002,-0.020145483333333325,0.03646821111111111,0.845672607421875,-0.005555555555555559,0.07777777777777775,-0.01377866666666667,-0.001043883333333334,0.8888888888888888
full-002,F2,Explicit effort instruction,2,-0.058333333333333334,-0.125,0.0,0.20089285714285715,0.003751666666666665,-0.014394833333333334,0.023525158333333334,0.845672607421875,0.008333333333333328,0.09166666666666667,-0.016784050000000002,-0.004049266666666671,0.8333333333333334
full-002,F6,High stakes framing,3,-0.11666666666666667,-0.2833333333333333,0.01111111111111111,0.2109375,-0.0016038333333333334,-0.03275463888888889,0.024854505555555555,0.9326171875,-0.050000000000000024,0.03333333333333334,-0.02213955,-0.009404766666666666,0.8
full-002,F8,Social / team framing,3,-0.07777777777777778,-0.18333333333333332,-0.005555555555555556,0.20089285714285715,-0.004235011111111113,-0.03024582222222221,0.021340422222222218,0.845672607421875,-0.011111111111111124,0.07222222222222222,-0.02477072777777778,-0.012035944444444443,0.8333333333333334
full-002,F3,Appreciation / affection,3,-0.13888888888888887,-0.2555555555555555,-0.044444444444444446,0.03515625,-0.00581349444444444,-0.032390872222222214,0.020704327777777788,0.845672607421875,-0.07222222222222219,0.011111111111111117,-0.026349211111111114,-0.01361442777777778,0.9
full-002,F7,Identity / role priming,3,-0.15555555555555559,-0.24444444444444446,-0.07777777777777778,0.0087890625,-0.01142305,-0.035373677777777765,0.01701391666666666,0.845672607421875,-0.08888888888888888,-0.005555555555555558,-0.03195876666666667,-0.019223983333333333,1.0
full-002,F4,Trust / confidence,3,-0.22777777777777777,-0.45,-0.05555555555555556,0.03515625,-0.014092827777777775,-0.05194118333333333,0.016084666666666667,0.845672607421875,-0.16111111111111107,-0.07777777777777779,-0.034628544444444444,-0.021893761111111108,1.0
full-002,F9,Neutral control,2,-0.14166666666666666,-0.31666666666666676,-0.008333333333333333,0.20089285714285715,-0.01609290833333333,-0.04449238333333334,0.010944125000000002,0.845672607421875,-0.075,0.008333333333333337,-0.036628625000000005,-0.023893841666666665,0.8571428571428571
